Workbook

Sheet Ventiladores
A1: Voltagens | B1: Modelos | C1: Código | D1: Ventiladores | E1: Descrição | F1: Quantidades
A2: 127 V 50cm | B2: 1 | C2: 100001 | D2: VENTILADOR DOMINA OSCILANTE MESA 50 CM 127 V PRETO | E2: MESA 50 CM 127 V PRETO | F2: 0
A3: 127 V 50cm | B3: 1 | C3: 100002 | D3: VENTILADOR DOMINA OSCILANTE MESA 50 CM 127 V BRANCO | E3: MESA 50 CM 127 V BRANCO | F3: 0
A4: 127 V 50cm | B4: 1 | C4: 100003 | D4: VENTILADOR DOMINA OSCILANTE MESA 50 CM 127 V AÇAI | E4: MESA 50 CM 127 V AÇAI | F4: 0
A5: 127 V 50cm | B5: 1 | C5: 100004 | D5: VENTILADOR DOMINA OSCILANTE MESA 50 CM 127 V VERMELHO | E5: MESA 50 CM 127 V VERMELHO | F5: 0
A6: 127 V 50cm | B6: 1 | C6: 100005 | D6: VENTILADOR DOMINA OSCILANTE MESA 50 CM 127 V CAPPUCCINO | E6: MESA 50 CM 127 V CAPPUCCINO | F6: 0
A7: 127 V 50cm | B7: 1 | C7: 100006 | D7: VENTILADOR DOMINA OSCILANTE MESA 50 CM 127 V OURO | E7: MESA 50 CM 127 V OURO | F7: 0
A8: 127 V 50cm | B8: 1 | C8: 100007 | D8: VENTILADOR DOMINA OSCILANTE MESA 50 CM 127 V BRONZE | E8: MESA 50 CM 127 V BRONZE | F8: 0
A9: 127 V 50cm | B9: 1 | C9: 100008 | D9: VENTILADOR DOMINA OSCILANTE MESA 50 CM 127 V PRATA | E9: MESA 50 CM 127 V PRATA | F9: 0
A10: 127 V 50cm | B10: 1 | C10: 100009 | D10: VENTILADOR DOMINA OSCILANTE MESA 50 CM 127 V TITANIUM | E10: MESA 50 CM 127 V TITANIUM | F10: 0
A11: 127 V 50cm | B11: 1 | C11: 100010 | E11: MESA 50 CM 127 V DARK | F11: 0
A12: 128 V 50cm | B12: 1 | C12: 100011 | E12: MESA 50 CM 127 V ROSA | F12: 0
A13: 127 V 50cm | B13: 2 | C13: 101001 | D13: VENTILADOR DOMINA OSCILANTE PAREDE 50 CM 127 V PRETO | E13: PAREDE 50 CM 127 V PRETO | F13: 0
A14: 127 V 50cm | B14: 2 | C14: 101002 | D14: VENTILADOR DOMINA OSCILANTE PAREDE 50 CM 127 V BRANCO | E14: PAREDE 50 CM 127 V BRANCO | F14: 0
A15: 127 V 50cm | B15: 2 | C15: 101003 | D15: VENTILADOR DOMINA OSCILANTE PAREDE 50 CM 127 V AÇAI | E15: PAREDE 50 CM 127 V AÇAI | F15: 0
A16: 127 V 50cm | B16: 2 | C16: 101007 | D16: VENTILADOR DOMINA OSCILANTE PAREDE 50 CM 127 V BRONZE | E16: PAREDE 50 CM 127 V BRONZE | F16: 0
A17: 127 V 50cm | B17: 2 | C17: 101008 | D17: VENTILADOR DOMINA OSCILANTE PAREDE 50 CM 127 V PRATA | E17: PAREDE 50 CM 127 V PRATA | F17: 0
A18: 127 V 50cm | B18: 2 | C18: 101009 | D18: VENTILADOR DOMINA OSCILANTE PAREDE 50 CM 127 V TITANIUM | E18: PAREDE 50 CM 127 V TITANIUM | F18: 0
A19: 127 V 50cm | B19: 2 | C19: 101010 | E19: PAREDE 50 CM 127 V DARK | F19: 0
A20: 127 V 60cm | B20: 2 | C20: 102001 | D20: VENTILADOR DOMINA ECO OSCILANTE PAREDE 60 CM 127 V PRETO | E20: PAREDE 60 CM 127 V PRETO | F20: 0
A21: 127 V 60cm | B21: 2 | C21: 102002 | D21: VENTILADOR DOMINA ECO OSCILANTE PAREDE 60 CM 127 V BRANCO | E21: PAREDE 60 CM 127 V BRANCO | F21: 0
A22: 127 V 60cm | B22: 2 | C22: 102003 | D22: VENTILADOR DOMINA ECO OSCILANTE PAREDE 60 CM 127 V AÇAI | E22: PAREDE 60 CM 127 V AÇAI | F22: 0
A23: 127 V 60cm | B23: 2 | C23: 102007 | D23: VENTILADOR DOMINA ECO OSCILANTE PAREDE 60 CM 127 V BRONZE | E23: PAREDE 60 CM 127 V BRONZE | F23: 0
A24: 127 V 60cm | B24: 2 | C24: 102008 | D24: VENTILADOR DOMINA ECO OSCILANTE PAREDE 60 CM 127 V PRATA | E24: PAREDE 60 CM 127 V PRATA | F24: 0
A25: 127 V 60cm | B25: 2 | C25: 102009 | D25: VENTILADOR DOMINA ECO OSCILANTE PAREDE 60 CM 127 V TITANIUM | E25: PAREDE 60 CM 127 V TITANIUM | F25: 0
A26: 127 V 60cm | B26: 2 | C26: 102010 | E26: PAREDE 60 CM 127 V DARK | F26: 0
A27: 127 V 50cm | B27: 3 | C27: 103001 | D27: VENTILADOR DOMINA OSCILANTE COLUNA 50 CM 127 V PRETO | E27: COLUNA 50 CM 127 V PRETO | F27: 0
A28: 127 V 50cm | B28: 3 | C28: 103002 | D28: VENTILADOR DOMINA OSCILANTE COLUNA 50 CM 127 V BRANCO | E28: COLUNA 50 CM 127 V BRANCO | F28: 0
A29: 127 V 50cm | B29: 3 | C29: 103003 | D29: VENTILADOR DOMINA OSCILANTE COLUNA 50 CM 127 V AÇAI | E29: COLUNA 50 CM 127 V AÇAI | F29: 0
A30: 127 V 50cm | B30: 3 | C30: 103004 | D30: VENTILADOR DOMINA OSCILANTE COLUNA 50 CM 127 V VERMELHO | E30: COLUNA 50 CM 127 V VERMELHO | F30: 0
A31: 127 V 50cm | B31: 3 | C31: 103005 | D31: VENTILADOR DOMINA OSCILANTE COLUNA 50 CM 127 V CAPPUCCINO | E31: COLUNA 50 CM 127 V CAPPUCCINO | F31: 0
A32: 127 V 50cm | B32: 3 | C32: 103006 | D32: VENTILADOR DOMINA OSCILANTE COLUNA 50 CM 127 V OURO | E32: COLUNA 50 CM 127 V OURO | F32: 0
A33: 127 V 50cm | B33: 3 | C33: 103007 | D33: VENTILADOR DOMINA OSCILANTE COLUNA 50 CM 127 V BRONZE | E33: COLUNA 50 CM 127 V BRONZE | F33: 0
A34: 127 V 50cm | B34: 3 | C34: 103008 | D34: VENTILADOR DOMINA OSCILANTE COLUNA 50 CM 127 V PRATA | E34: COLUNA 50 CM 127 V PRATA | F34: 0
A35: 127 V 50cm | B35: 3 | C35: 103009 | D35: VENTILADOR DOMINA OSCILANTE COLUNA 50 CM 127 V TITANIUM | E35: COLUNA 50 CM 127 V TITANIUM | F35: 0
A36: 127 V 50cm | B36: 3 | C36: 103010 | E36: COLUNA 50 CM 127 V DARK | F36: 0
A37: 128 V 50cm | B37: 3 | C37: 103011 | E37: COLUNA 50 CM 127 V ROSA | F37: 0
A38: 127 V 60cm | B38: 3 | C38: 104001 | D38: VENTILADOR DOMINA ECO OSCILANTE COLUNA 60 CM 127 V PRETO | E38: COLUNA 60 CM 127 V PRETO | F38: 0
A39: 127 V 60cm | B39: 3 | C39: 104002 | D39: VENTILADOR DOMINA ECO OSCILANTE COLUNA 60 CM 127 V BRANCO | E39: COLUNA 60 CM 127 V BRANCO | F39: 0
A40: 127 V 60cm | B40: 3 | C40: 104003 | D40: VENTILADOR DOMINA ECO OSCILANTE COLUNA 60 CM 127 V AÇAI | E40: COLUNA 60 CM 127 V AÇAI | F40: 0
A41: 127 V 60cm | B41: 3 | C41: 104004 | D41: VENTILADOR DOMINA ECO OSCILANTE COLUNA 60 CM 127 V VERMELHO | E41: COLUNA 60 CM 127 V VERMELHO | F41: 0
A42: 127 V 60cm | B42: 3 | C42: 104006 | D42: VENTILADOR DOMINA ECO OSCILANTE COLUNA 60 CM 127 V OURO | E42: COLUNA 60 CM 127 V OURO | F42: 0
A43: 127 V 60cm | B43: 3 | C43: 104007 | D43: VENTILADOR DOMINA ECO OSCILANTE COLUNA 60 CM 127 V BRONZE | E43: COLUNA 60 CM 127 V BRONZE | F43: 0
A44: 127 V 60cm | B44: 3 | C44: 104008 | D44: VENTILADOR DOMINA ECO OSCILANTE COLUNA 60 CM 127 V PRATA | E44: COLUNA 60 CM 127 V PRATA | F44: 0
A45: 127 V 60cm | B45: 3 | C45: 104009 | D45: VENTILADOR DOMINA ECO OSCILANTE COLUNA 60 CM 127 V TITANIUM | E45: COLUNA 60 CM 127 V TITANIUM | F45: 0
A46: 127 V 60cm | B46: 3 | C46: 104010 | E46: COLUNA 60 CM 127 V DARK | F46: 0
A47: 127 V 50cm | B47: 4 | C47: 105001 | D47: VENTILADOR DOMINA OSCILANTE PRACTICE 50 CM 127 V PRETO | E47: PRACTICE 50 CM 127 V PRETO | F47: 0
A48: 127 V 50cm | B48: 4 | C48: 105002 | D48: VENTILADOR DOMINA OSCILANTE PRACTICE 50 CM 127 V BRANCO | E48: PRACTICE 50 CM 127 V BRANCO | F48: 0
A49: 127 V 50cm | B49: 4 | C49: 105003 | D49: VENTILADOR DOMINA OSCILANTE PRACTICE 50 CM 127 V ACAI | E49: PRACTICE 50 CM 127 V ACAI | F49: 0
A50: 127 V 50cm | B50: 4 | C50: 105007 | D50: VENTILADOR DOMINA OSCILANTE PRACTICE 50 CM 127 V BRONZE | E50: PRACTICE 50 CM 127 V BRONZE | F50: 0
A51: 127 V 50cm | B51: 4 | C51: 105008 | D51: VENTILADOR DOMINA OSCILANTE PRACTICE 50 CM 127 V PRATA | E51: PRACTICE 50 CM 127 V PRATA | F51: 0
A52: 127 V 50cm | B52: 4 | C52: 105009 | D52: VENTILADOR DOMINA OSCILANTE PRACTICE 50 CM 127 V TITANIUM | E52: PRACTICE 50 CM 127 V TITANIUM | F52: 0
A53: 127 V 50cm | B53: 4 | C53: 105010 | E53: PRACTICE 50 CM 127 V DARK | F53: 0
A54: 127 V 60cm | B54: 4 | C54: 106001 | D54: VENTILADOR DOMINA ECO OSCILANTE PRACTICE 60 CM 127 V PRETO | E54: PRACTICE 60 CM 127 V PRETO | F54: 0
A55: 127 V 60cm | B55: 4 | C55: 106002 | D55: VENTILADOR DOMINA ECO OSCILANTE PRACTICE 60 CM 127 V BRANCO | E55: PRACTICE 60 CM 127 V BRANCO | F55: 0
A56: 127 V 60cm | B56: 4 | C56: 106003 | D56: VENTILADOR DOMINA ECO OSCILANTE PRACTICE 60 CM 127 V ACAI | E56: PRACTICE 60 CM 127 V ACAI | F56: 0
A57: 127 V 60cm | B57: 4 | C57: 106007 | D57: VENTILADOR DOMINA ECO OSCILANTE PRACTICE 60 CM 127 V BRONZE | E57: PRACTICE 60 CM 127 V BRONZE | F57: 0
A58: 127 V 60cm | B58: 4 | C58: 106008 | D58: VENTILADOR DOMINA ECO OSCILANTE PRACTICE 60 CM 127 V PRATA | E58: PRACTICE 60 CM 127 V PRATA | F58: 0
A59: 127 V 60cm | B59: 4 | C59: 106009 | D59: VENTILADOR DOMINA ECO OSCILANTE PRACTICE 60 CM 127 V TITANIUM | E59: PRACTICE 60 CM 127 V TITANIUM | F59: 0
A60: 127 V 60cm | B60: 4 | C60: 106010 | E60: PRACTICE 60 CM 127 V DARK | F60: 0
A61: 127 V 4.3 cm | B61: 1 | C61: 107003 | E61: MESA 4.3 CM 127 V AÇAI | F61: 0
A62: 127 V 4.3 cm | B62: 1 | C62: 107004 | E62: MESA 43 CM 127 V VERMELHO | F62: 0
A63: 127 V 4.3 cm | B63: 1 | C63: 107007 | E63: MESA 43 CM 127 V BRONZE | F63: 0
A64: 127 V 4.3 cm | B64: 1 | C64: 107008 | E64: MESA 43 CM 127 V PRATA | F64: 0
A65: 127 V 4.3 cm | B65: 1 | C65: 107009 | D65: VENTILADOR DOMINA OSCILANTE MESA 50 CM 127 V PRETO | E65: MESA 4.3 CM 127 V TITAMIUM | F65: 0
A66: 127 V 4.3 cm | B66: 1 | C66: 108009 | E66: PAREDE 4.3 CM 127 V TITANIUM | F66: 0
A67: 127 V 4.3 cm | B67: 5 | C67: 109003 | E67: COLUNA 4.3 CM 127 V AÇAI | F67: 0
A68: 127 V 4.3 cm | B68: 5 | C68: 109004 | E68: COLUNA 4.3 CM 127 V VERMELHO | F68: 0
A69: 127 V 4.3 cm | B69: 5 | C69: 109007 | E69: COLUNA 4.3 CM 127 V BRONZE | F69: 0
A70: 127 V 4.3 cm | B70: 5 | C70: 109008 | E70: COLUNA 4.3 CM 127 V PRATA | F70: 0
A71: 127 V 4.3 cm | B71: 5 | C71: 109009 | E71: COLUNA 4.3 CM 127V TITANIUM | F71: 0
A72: 127 V 60 cm | B72: 6 | C72: 110001 | E72: TWISTER PAREDE PRETO 127 V 60 CM | F72: 0
A73: 127 V 60 cm | B73: 6 | C73: 111001 | E73: TWISTER COLUNA PRETO 127 V 60 CM | F73: 0
A74: 220 V 50cm | B74: 1 | C74: 200001 | D74: VENTILADOR DOMINA OSCILANTE MESA 50 CM 220 V PRETO | E74: MESA 50 CM 220 V PRETO | F74: 0
A75: 220 V 50cm | B75: 1 | C75: 200002 | D75: VENTILADOR DOMINA OSCILANTE MESA 50 CM 220 V BRANCO | E75: MESA 50 CM 220 V BRANCO | F75: 0
A76: 220 V 50cm | B76: 1 | C76: 200003 | D76: VENTILADOR DOMINA OSCILANTE MESA 50 CM 220 V AÇAI | E76: MESA 50 CM 220 V AÇAI | F76: 0
A77: 220 V 50cm | B77: 1 | C77: 200004 | D77: VENTILADOR DOMINA OSCILANTE MESA 50 CM 220 V VERMELHO | E77: MESA 50 CM 220 V VERMELHO | F77: 0
A78: 220 V 50cm | B78: 1 | C78: 200005 | D78: VENTILADOR DOMINA OSCILANTE MESA 50 CM 220 V CAPPUCCINO | E78: MESA 50 CM 220 V CAPPUCCINO | F78: 0
A79: 220 V 50cm | B79: 1 | C79: 200006 | D79: VENTILADOR DOMINA OSCILANTE MESA 50 CM 220 V OURO | E79: MESA 50 CM 220 V OURO | F79: 0
A80: 220 V 50cm | B80: 1 | C80: 200007 | D80: VENTILADOR DOMINA OSCILANTE MESA 50 CM 220 V BRONZE | E80: MESA 50 CM 220 V BRONZE | F80: 0
A81: 220 V 50cm | B81: 1 | C81: 200008 | D81: VENTILADOR DOMINA OSCILANTE MESA 50 CM 220 V PRATA | E81: MESA 50 CM 220 V PRATA | F81: 0
A82: 220 V 50cm | B82: 1 | C82: 200009 | D82: VENTILADOR DOMINA OSCILANTE MESA 50 CM 220 V TITANIUM | E82: MESA 50 CM 220 V TITANIUM | F82: 0
A83: 220 V 50cm | B83: 1 | C83: 200010 | E83: MESA 50 CM 220 V DARK | F83: 0
A84: 221 V 50cm | B84: 1 | C84: 200011 | E84: MESA 50 CM 220 V ROSA | F84: 0
A85: 220 V 50cm | B85: 2 | C85: 201001 | D85: VENTILADOR DOMINA OSCILANTE PAREDE 50 CM 220 V PRETO | E85: PAREDE 50 CM 220 V PRETO | F85: 0
A86: 220 V 50cm | B86: 2 | C86: 201002 | D86: VENTILADOR DOMINA OSCILANTE PAREDE 50 CM 220 V BRANCO | E86: PAREDE 50 CM 220 V BRANCO | F86: 0
A87: 220 V 50cm | B87: 2 | C87: 201003 | D87: VENTILADOR DOMINA OSCILANTE PAREDE 50 CM 220 V AÇAI | E87: PAREDE 50 CM 220 V AÇAI | F87: 0
A88: 220 V 50cm | B88: 2 | C88: 201007 | D88: VENTILADOR DOMINA OSCILANTE PAREDE 50 CM 220 V BRONZE | E88: PAREDE 50 CM 220 V BRONZE | F88: 0
A89: 220 V 50cm | B89: 2 | C89: 201008 | D89: VENTILADOR DOMINA OSCILANTE PAREDE 50 CM 220 V PRATA | E89: PAREDE 50 CM 220 V PRATA | F89: 0
A90: 220 V 50cm | B90: 2 | C90: 201009 | D90: VENTILADOR DOMINA OSCILANTE PAREDE 50 CM 220 V TITANIUM | E90: PAREDE 50 CM 220 V TITANIUM | F90: 0
A91: 220 V 50cm | B91: 2 | C91: 201010 | D91: VENTILADOR DOMINA OSCILANTE PAREDE 50 CM 220 V TITANIUM | E91: PAREDE 50 CM 220 V DARK | F91: 0
A92: 220 V 60cm | B92: 2 | C92: 202001 | D92: VENTILADOR DOMINA ECO OSCILANTE PAREDE 60 CM 220 V PRETO | E92: PAREDE 60 CM 220 V PRETO | F92: 0
A93: 220 V 60cm | B93: 2 | C93: 202002 | D93: VENTILADOR DOMINA ECO OSCILANTE PAREDE 60 CM 220 V BRANCO | E93: PAREDE 60 CM 220 V BRANCO | F93: 0
A94: 220 V 60cm | B94: 2 | C94: 202003 | D94: VENTILADOR DOMINA ECO OSCILANTE PAREDE 60 CM 220 V AÇAI | E94: PAREDE 60 CM 220 V AÇAI | F94: 0
A95: 220 V 60cm | B95: 2 | C95: 202007 | D95: VENTILADOR DOMINA ECO OSCILANTE PAREDE 60 CM 220 V BRONZE | E95: PAREDE 60 CM 220 V BRONZE | F95: 0
A96: 220 V 60cm | B96: 2 | C96: 202008 | D96: VENTILADOR DOMINA ECO OSCILANTE PAREDE 60 CM 220 V PRATA | E96: PAREDE 60 CM 220 V PRATA | F96: 0
... A108: 220 V 50cm | B108: 3 | C108: 203010 | D108: VENTILADOR DOMINA OSCILANTE COLUNA 50 CM 220 V TITANIUM | E108: COLUNA 50 CM 220 V DARK | F108: 0
A109: 221 V 50cm | B109: 3 | C109: 203011 | E109: COLUNA 50 CM 220 V ROSA | F109: 0
A110: 220 V 60cm | B110: 3 | C110: 204001 | D110: VENTILADOR DOMINA ECO OSCILANTE COLUNA 60 CM 220 V PRETO | E110: COLUNA 60 CM 220 V PRETO | F110: 0
A111: 220 V 60cm | B111: 3 | C111: 204002 | D111: VENTILADOR DOMINA ECO OSCILANTE COLUNA 60 CM 220 V BRANCO | E111: COLUNA 60 CM 220 V BRANCO | F111: 0
...

Sheet Semi Acabados
E1: Carga -
A2: Código | B2: MOTOR | C2: QNT | E2: Código | F2: Suportes (ECO) | G2: Quant | I2: Código | J2: Motores (ECO) | K2: Quant | M2: Código | N2: Suportes 127 V - 50 cm (ECO) | O2: Quant
A3: 001.002.001.024 | B3: MOTOR PAREDE PRETO BIVOLT 11,5 UNIVERSAL | C3: =Ventiladores!F157+Ventiladores!F162+Ventiladores!F163 -> 0 | E3: 003.003.00082 | F3: Suporte Mesa Preto | G3: =SUM(Ventiladores!F2,Ventiladores!F10,Ventiladores!F11,Ventiladores!F65,Ventiladores!F74,Ventiladores!F82,Ventiladores!F83,Ventiladores!F137,Ventiladores!F146,Ventiladores!F154,Ventiladores!F155) -> 0 | I3: 001.004.021 | J3: 127 V - 50cm AL | K3: =SUM(Ventiladores!F2:F19,Ventiladores!F27:F37) -> 0 | M3: 1001105001 | N3: PRACTICE 50 CM 127 V PRETO | O3: =SUM(Ventiladores!F47) -> 0
A4: 001.002.001.029 | B4: MOTOR PAREDE BRANCO BIVOLT 11,5 | C4: =Ventiladores!F158 -> 0 | E4: 003.003.00083 | F4: Suporte Mesa Branco | G4: =SUM(Ventiladores!F3,Ventiladores!F75,Ventiladores!F147) -> 0 | I4: 001.004.022 | J4: 220 V - 50 cm AL | K4: =SUM(Ventiladores!F74:F91,Ventiladores!F99:F109) -> 0 | M4: 1001105002 | N4: PRACTICE 50 CM 127 V BRANCO | O4: =SUM(Ventiladores!F48) -> 0
A5: 001.002.001.036 | B5: MOTOR PAREDE AÇAÍ BIVOLT 11,5 | C5: =Ventiladores!F159 -> 0 | E5: 003.003.00084 | F5: Suporte Mesa Açaí | G5: =SUM(Ventiladores!F4,Ventiladores!F76,Ventiladores!F148,Ventiladores!F61,Ventiladores!F133) -> 0 | I5: 001.004.009 | J5: 127 V - 60 cm AL | K5: =SUM(Ventiladores!F20:F26,Ventiladores!F38:F46,Ventiladores!F54:F60) -> 0 | M5: 1001105003 | N5: PRACTICE 50 CM 127 V ACAI | O5: =SUM(Ventiladores!F49) -> 0
A6: 001.002.001.041 | B6: MOTOR PAREDE PRATA BIVOLT 11,5 | C6: =Ventiladores!F161 -> 0 | E6: 003.003.00085 | F6: Suporte Mesa Vermelho | G6: =SUM(Ventiladores!F5,Ventiladores!F62,Ventiladores!F77,Ventiladores!F134,Ventiladores!F149) -> 0 | I6: 001.004.022 | J6: 220 V - 60 cm AL | K6: =SUM(Ventiladores!F92:F98,Ventiladores!F110:F118,Ventiladores!F126:F132) -> 0 | M6: 1001105007 | N6: PRACTICE 50 CM 127 V BRONZE | O6: =SUM(Ventiladores!F50) -> 0
A7: 001.002.001.043 | B7: MOTOR COLUNA/MESA AÇAÍ BIVOLT 11,5 | C7: =Ventiladores!F173+Ventiladores!F148 -> 0 | E7: 003.003.00086 | F7: Suporte Mesa Cappuccino | G7: =SUM(Ventiladores!F6,Ventiladores!F78,Ventiladores!F150) -> 0 | I7: 001.004.023 | J7: Bivolt - 50 cm (Mesa/Coluna) | K7: =SUM(Ventiladores!F146:F163,Ventiladores!F171:F181) -> 0 | M7: 1001105008 | N7: PRACTICE 50 CM 127 V PRATA | O7: =SUM(Ventiladores!F51) -> 0
A8: 001.002.001.049 | B8: MOTOR COLUNA/MESA BRANCO BIVOLT 11,5 | C8: =Ventiladores!F172+Ventiladores!F147 -> 0 | E8: 003.003.00087 | F8: Suporte Mesa Dourado | G8: =SUM(Ventiladores!F7,Ventiladores!F79,Ventiladores!F151) -> 0 | I8: 001.004.023 | J8: Bivolt - 50 cm (Parede) | K8: =SUM(Ventiladores!F157:F163) -> 0 | M8: 1001105009 | N8: PRACTICE 50 CM 127 V TITANIUM | O8: =SUM(Ventiladores!F52) -> 0
A9: 001.002.001.051 | B9: MOTOR COLUNA/MESA PRATA BIVOLT 11,5 | C9: =Ventiladores!F178+Ventiladores!F153 -> 0 | E9: 003.003.00088 | F9: Suporte Mesa Bronze | G9: =SUM(Ventiladores!F8,Ventiladores!F63,Ventiladores!F80,Ventiladores!F135,Ventiladores!F152) -> 0 | I9: 001.004.023 | J9: Bivolt - 60 cm (Mesa/Coluna) | K9: =SUM(Ventiladores!F182:F190) -> 0 | M9: 1001105010 | N9: PRACTICE 50 CM 127 V DARK | O9: =SUM(Ventiladores!F53) -> 0
A10: 001.002.001.053 | B10: MOTOR COLUNA/MESA PRETO BIVOLT 11,5 UNIVERSAL | C10: =Ventiladores!F171+Ventiladores!F146+Ventiladores!F179+Ventiladores!F154+Ventiladores!F180+Ventiladores!F155 -> 0 | E10: 003.003.00089 | F10: Suporte Mesa Prata | G10: =SUM(Ventiladores!F9,Ventiladores!F81,Ventiladores!F153,Ventiladores!F64,Ventiladores!F136) -> 0 | I10: 001.004.023 | J10: Bivolt - 60 cm (Parede) | K10: =SUM(Ventiladores!F164:F170) -> 0 | M10: Total | O10: =SUM(O3,O4,O5,O6,O7,O8,O9) -> 0
A11: 001.002.001.061 | B11: MOTOR COLUNA/MESA VERMELHO BIVOLT 11,5 | C11: =Ventiladores!F174+Ventiladores!F149 -> 0 | E11: 003.003.00154 | F11: Suporte Mesa Rosa | G11: =SUM(Ventiladores!F12,Ventiladores!F84,Ventiladores!F156) -> 0 | I11: 001.004.031 | J11: 127 V - 4.3 cm AL | K11: =SUM(Ventiladores!F61:F66) -> 0
A12: 001.002.001.063 | B12: MOTOR COLUNA/MESA OURO BIVOLT 11,5 | C12: =Ventiladores!F176+Ventiladores!F151 -> 0 | E12: 003.003.00090 | F12: Suporte Parede Preto | G12: =SUM(Ventiladores!F13,Ventiladores!F18,Ventiladores!F19,Ventiladores!F20,Ventiladores!F25,Ventiladores!F26,Ventiladores!F66,Ventiladores!F85,Ventiladores!F90,Ventiladores!F91,Ventiladores!F92,Ventiladores!F97,Ventiladores!F98,Ventiladores!F157,Ventiladores!F162,Ventiladores!F163,Ventiladores!F164,Ventiladores!F169,Ventiladores!F170) -> 0 | I12: 001.004.032 | J12: 220 V - 4.3 cm AL | K12: =SUM(Ventiladores!F133:F138) -> 0 | M12: Código | N12: Suportes 127 V - 60 cm (ECO) | O12: Quant
A13: 001.002.001.095 | B13: MOTOR COLUNA/MESA BRONZE BIVOLT 11,5 | C13: =Ventiladores!F177+Ventiladores!F152 -> 0 | E13: 003.003.00091 | F13: Suporte Parede Branco | G13: =SUM(Ventiladores!F14,Ventiladores!F21,Ventiladores!F86,Ventiladores!F93,Ventiladores!F158,Ventiladores!F165) -> 0 | I13: Total | K13: =SUM(K3,K4,K9,K10,K11,K12) -> 0 | M13: 1001106001 | N13: PRACTICE 60 CM 127 V PRETO | O13: =SUM(Ventiladores!F54) -> 0
A14: 001.002.001.098 | B14: MOTOR COLUNA/MESA CAPPUCCINO BIVOLT 11,5 | C14: =Ventiladores!F175+Ventiladores!F150 -> 0 | E14: 003.003.00092 | F14: Suporte Parede Açaí | G14: =SUM(Ventiladores!F15,Ventiladores!F22,Ventiladores!F87,Ventiladores!F94,Ventiladores!F159,Ventiladores!F166) -> 0 | M14: 1001106002 | N14: PRACTICE 60 CM 127 V BRANCO | O14: =SUM(Ventiladores!F55) -> 0
A15: 001.002.001.100 | B15: MOTOR PAREDE BRONZE BIVOLT 11,5 | C15: =Ventiladores!F160 -> 0 | E15: 003.003.00094 | F15: Suporte Parede Bronze | G15: =SUM(Ventiladores!F16,Ventiladores!F23,Ventiladores!F88,Ventiladores!F95,Ventiladores!F160,Ventiladores!F167) -> 0 | I15: Código | J15: Suportes - Practice (ECO) | K15: CX | M15: 1001106003 | N15: PRACTICE 60 CM 127 V ACAI | O15: =SUM(Ventiladores!F56) -> 0
A16: 001.002.002.027 | B16: MOTOR PAREDE BRANCO 220 V 11,5 | C16: =Ventiladores!F86 -> 0 | E16: 003.003.00095 | F16: Suporte Parede Prata | G16: =SUM(Ventiladores!F17,Ventiladores!F24,Ventiladores!F89,Ventiladores!F96,Ventiladores!F161,Ventiladores!F168) -> 0 | I16: 003.001.00202 | J16: Suporte Practice Preto | K16: =SUM(O3,O8,O9,O13,O18,O19,O23,O28,O29,O33,O38,O39) -> 0 | M16: 1001106007 | N16: PRACTICE 60 CM 127 V BRONZE | O16: =SUM(Ventiladores!F57) -> 0
A17: 001.002.002.028 | B17: MOTOR PAREDE PRETO 220 V 11,5 UNIVERSAL | C17: =Ventiladores!F85+Ventiladores!F90+Ventiladores!F91 -> 0 | E17: Total | G17: =SUM(G3,G4,G5,G6,G7,G8,G9,G10,G12,G13,G14,G15,G16) -> 0 | I17: 003.001.00203 | J17: Suporte Practice Branco | K17: =SUM(O4,O14,O24,O34) -> 0 | M17: 1001106008 | N17: PRACTICE 60 CM 127 V PRATA | O17: =SUM(Ventiladores!F58) -> 0
A18: 001.002.002.037 | B18: MOTOR PAREDE PRATA 220 V 11,5 | C18: =Ventiladores!F89 -> 0 | I18: 003.001.00204 | J18: Suporte Practice Açaí | K18: =SUM(O5,O15,O25,O35) -> 0 | M18: 1001106009 | N18: PRACTICE 60 CM 127 V TITANIUM | O18: =SUM(Ventiladores!F59) -> 0
A19: 001.002.002.041 | B19: MOTOR PAREDE AÇAÍ 220 V 11,5 | C19: =Ventiladores!F87 -> 0 | E19: Código | F19: Controle de Parede (ECO) | G19: Quant | I19: 003.001.00205 | J19: Suporte Practice Bronze | K19: =SUM(O6,O16,O26,O36) -> 0 | M19: 1001106010 | N19: PRACTICE 60 CM 127 V DARK | O19: =SUM(Ventiladores!F60) -> 0
A20: 001.002.002.043 | B20: MOTOR COLUNA/MESA AÇAÍ 220 V 11,5 | C20: =Ventiladores!F76+Ventiladores!F101 -> 0 | E20: 003.003.00028 | F20: Controle de Parede 127 V - 50 cm | G20: =SUM(Ventiladores!F13:F19,Ventiladores!F66) -> 0 | I20: 003.001.00206 | J20: Suporte Practice Prata | K20: =SUM(O7,O17,O27,O37) -> 0 | M20: Total | O20: =SUM(O13,O14,O15,O16,O17,O18,O19) -> 0
A21: 001.002.002.049 | B21: MOTOR COLUNA/MESA BRANCO 220 V 11,5 | C21: =Ventiladores!F75+Ventiladores!F100 -> 0 | E21: 003.003.00030 | F21: Controle de Parede 127 V - 60 cm | G21: =SUM(Ventiladores!F20:F26) -> 0 | I21: Total | K21: =SUM(K16,K17,K18,K19,K20) -> 0
A22: 001.002.002.051 | B22: MOTOR COLUNA/MESA PRATA 220 V 11,5 | C22: =Ventiladores!F81+Ventiladores!F106 -> 0 | E22: 003.003.00029 | F22: Controle de Parede 220 V - 50 cm | G22: =SUM(Ventiladores!F85:F91,Ventiladores!F138) -> 0 | M22: Código | N22: Suportes 220 V - 50 cm (ECO) | O22: Quant
A23: 001.002.002.053 | B23: MOTOR COLUNA/MESA PRETO 220 V 11,5 UNIVERSAL | C23: =Ventiladores!F74+Ventiladores!F99+Ventiladores!F82+Ventiladores!F107+Ventiladores!F83+Ventiladores!F108 -> 0 | E23: 003.003.00031 | F23: Controle de Parede 220 V - 60 cm | G23: =SUM(Ventiladores!F92,Ventiladores!F93,Ventiladores!F94,Ventiladores!F95,Ventiladores!F96,Ventiladores!F97,Ventiladores!F98) -> 0 | I23: Código | J23: Manípulo - Practice (ECO) | K23: Quant | M23: 1001205001 | N23: PRACTICE 50 CM 220 V PRETO | O23: =SUM(Ventiladores!F119) -> 0
A24: 001.002.002.061 | B24: MOTOR COLUNA/MESA VERMELHO 220 V 11,5 | C24: =Ventiladores!F77+Ventiladores!F102 -> 0 | E24: 003.003.00032 | F24: Controle de Parede Bivolt - 50 cm | G24: =SUM(Ventiladores!F157:F163) -> 0 | I24: 003.001.00116 | J24: Manípulo Practice Preto | K24: =SUM(O3,O13,O23,O33) -> 0 | M24: 1001205002 | N24: PRACTICE 50 CM 220 V BRANCO | O24: =SUM(Ventiladores!F120) -> 0
A25: 001.002.002.063 | B25: MOTOR COLUNA/MESA OURO 220 V 11,5 | C25: =Ventiladores!F79+Ventiladores!F104 -> 0 | E25: 003.003.00033 | F25: Controle de Parede Bivolt - 60 cm | G25: =SUM(Ventiladores!F164:F170) -> 0 | I25: 003.001.00128 | J25: Manípulo Practice Prata | K25: =SUM(O4,O5,O7,O8,O14,O15,O17,O18,O24,O25,O27,O28,O34,O35,O37,O38) -> 0 | M25: 1001205003 | N25: PRACTICE 50 CM 220 V ACAI | O25: =SUM(Ventiladores!F121) -> 0
A26: 001.002.002.071 | B26: MOTOR PRACTICE PRETO 220 V 11,5 UNIVERSAL | C26: =Ventiladores!F124+Ventiladores!F125+Ventiladores!F119 -> 0 | E26: Total | G26: =SUM(G20,G21,G22,G23,G24,G25) -> 0 | I26: 003.001.00172 | J26: Manípulo Practice Bronze | K26: =SUM(O6,O16,O26,O36) -> 0 | M26: 1001205007 | N26: PRACTICE 50 CM 220 V BRONZE | O26: =SUM(Ventiladores!F122) -> 0
A27: 001.002.002.072 | B27: MOTOR PRACTICE BRANCO 220 V 11,5 | C27: =Ventiladores!F120 -> 0 | I27: 003.001.00129 | J27: Manípulo Practice Dourado | K27: =SUM(O9,O19,O29,O39) -> 0 | M27: 1001205008 | N27: PRACTICE 50 CM 220 V PRATA | O27: =SUM(Ventiladores!F123) -> 0
A28: 001.002.002.079 | B28: MOTOR PRACTICE AÇAÍ 220 V 11,5 | C28: =Ventiladores!F121 -> 0 | E28: Código | F28: Kits (ECO) | G28: Quant | I28: Total | K28: =SUM(K24,K25,K26,K27) -> 0 | M28: 1001205009 | N28: PRACTICE 50 CM 220 V TITANIUM | O28: =SUM(Ventiladores!F124) -> 0
A29: 001.002.002.080 | B29: MOTOR PRACTICE PRATA 220 V 11,5 | C29: =Ventiladores!F123 -> 0 | E29: 003.003.00017 | F29: Kit Componentes | G29: =SUM(Ventiladores!F27:F46,Ventiladores!F99:F118,Ventiladores!F171:F190) -> 0 | M29: 1001205010 | N29: PRACTICE 50 CM 220 V DARK | O29: =SUM(Ventiladores!F125) -> 0
A30: 001.002.002.094 | B30: MOTOR COLUNA/MESA CAPPUCCINO 220 V 11,5 | C30: =Ventiladores!F78+Ventiladores!F103 -> 0 | E30: 003.003.00020 | F30: Kit Fixação | G30: =SUM(Ventiladores!F13:F26,Ventiladores!F47:F53,Ventiladores!F53,Ventiladores!F54:F60,Ventiladores!F66,Ventiladores!F85:F98,Ventiladores!F119:F132,Ventiladores!F138,Ventiladores!F157:F170) -> 0 | I30: Código | J30: Dimmer - Practice (ECO) | K30: Quant | M30: Total | O30: =SUM(O23,O24,O25,O26,O27,O28,O29) -> 0
A31: 001.002.002.098 | B31: MOTOR COLUNA/MESA BRONZE 220 V 11,5 | C31: =Ventiladores!F80+Ventiladores!F105 -> 0 | E31: Total | G31: =SUM(G29,G30) -> 0 | I31: 002.001.00022 | J31: Dimmer Practice 127 V - 50 cm | K31: =SUM(O10) -> 0
A32: 001.002.002.100 | B32: MOTOR PAREDE BRONZE 220 V 11,5 | C32: =Ventiladores!F88 -> 0 | I32: 002.001.00065 | J32: Dimmer Practice 127 V - 60 cm | K32: =SUM(O20) -> 0 | M32: Código | N32: Suportes 220 V - 60 cm (ECO) | O32: Quant
A33: 001.002.002.102 | B33: MOTOR PRACTICE BRONZE 220 V 11,5 | C33: =Ventiladores!F122 -> 0 | E33: Código | F33: Caixa de Engrenagem (ECO) | G33: Quant | I33: 002.001.00025 | J33: Dimmer Practice 220 V - 50 cm | K33: =SUM(O30) -> 0 | M33: 1001206001 | N33: PRACTICE 60 CM 220 V PRETO | O33: =SUM(Ventiladores!F126) -> 0
A34: 001.002.003.017 | B34: MOTOR PAREDE PRETO 127 V 11,5 UNIVERSAL | C34: =Ventiladores!F19 -> 0 | E34: 003.003.00081 | F34: Caixa de Engrenagem 50/60 cm | G34: =SUM(Ventiladores!F2:F60,Ventiladores!F74:F132,Ventiladores!F146:F190) -> 0 | I34: 002.001.00066 | J34: Dimmer Practice 220 V - 60 cm | K34: =SUM(O40) -> 0 | M34: 1001206002 | N34: PRACTICE 60 CM 220 V BRANCO | O34: =SUM(Ventiladores!F127) -> 0
A35: 001.002.003.028 | B35: MOTOR PAREDE BRANCO 127 V 11,5 | C35: =Ventiladores!F14 -> 0 | E35: 003.003.00155 | F35: Caixa de Engrenagem 4.3 cm | G35: =SUM(Ventiladores!F61:F66,Ventiladores!F133:F138) -> 0 | I35: Total | K35: =SUM(K31,K32,K33,K34) -> 0 | M35: 1001206003 | N35: PRACTICE 60 CM 220 V ACAI | O35: =SUM(Ventiladores!F128) -> 0
A36: 001.002.003.036 | B36: MOTOR PAREDE PRATA 127 V 11,5 | C36: =Ventiladores!F17 -> 0 | E36: Total | G36: =SUM(G34/300) -> 0 | M36: 1001206007 | N36: PRACTICE 60 CM 220 V BRONZE | O36: =SUM(Ventiladores!F129) -> 0
A37: 001.002.003.041 | B37: MOTOR PAREDE AÇAÍ 127 V 11,5 | C37: =Ventiladores!F15 -> 0 | I37: Código | J37: Abraçadeira - Ventilador (ECO) | K37: Quant | M37: 1001206008 | N37: PRACTICE 60 CM 220 V PRATA | O37: =SUM(Ventiladores!F130) -> 0
A38: 001.002.003.043 | B38: MOTOR COLUNA/MESA ACAI 127 V 11,5 | C38: =Ventiladores!F4+Ventiladores!F29 -> 0 | E38: Código | F38: Dimmer - Ventilador (ECO) | G38: Mont | I38: 002.004.00010 | J38: Abraçadeira k8 | K38: =SUM(Ventiladores!F2:F190)*2 -> 0 | M38: 1001206009 | N38: PRACTICE 60 CM 220 V TITANIUM | O38: =SUM(Ventiladores!F131) -> 0
A39: 001.002.003.049 | B39: MOTOR COLUNA/MESA BRANCO 127 V 11,5 | C39: =Ventiladores!F3+Ventiladores!F28 -> 0 | E39: 002.001.00007 | F39: Dimmer Bivolt - (50 cm) | G39: =SUM(Ventiladores!F146:F155,Ventiladores!F171:F180) -> 0 | I39: 002.004.00011 | J39: Abraçadeira k12 | K39: =SUM(Ventiladores!F2:F190) -> 0 | M39: 1001206010 | N39: PRACTICE 60 CM 220 V DARK | O39: =SUM(Ventiladores!F132) -> 0
A40: 001.002.003.051 | B40: MOTOR COLUNA/MESA PRATA 127 V 11,5 | C40: =Ventiladores!F9+Ventiladores!F34 -> 0 | E40: 002.001.00084 | F40: Dimmer Bivolt - (60 cm) | G40: =SUM(Ventiladores!F182:F190) -> 0 | I40: Total | K40: =SUM(K38,K39) -> 0 | M40: Total | O40: =SUM(O33,O34,O35,O36,O37,O38,O39) -> 0
A41: 001.002.003.053 | B41: MOTOR COLUNA/MESA PRETO127 V 11,5 UNIVERSAL | C41: =Ventiladores!F2+Ventiladores!F27+Ventiladores!F10+Ventiladores!F35+Ventiladores!F11+Ventiladores!F36 -> 0 | E41: 002.001.00045 | F41: Capacitor Bivolt - (50/60 cm) | G41: =SUM(Ventiladores!F146:F190) -> 0
A42: 001.002.003.061 | B42: MOTOR COLUNA/MESA VERMELHO 127 V 11,5 | C42: =Ventiladores!F5+Ventiladores!F30 -> 0 | E42: Total | G42: =SUM(G39,G40,G41) -> 0 | I42: Código | J42: Ventilador (ECO) | K42: Quant
A43: 001.002.003.063 | B43: MOTOR COLUNA/MESA OURO 127 V 11,5 | C43: =Ventiladores!F7+Ventiladores!F32 -> 0 | I43: 002.001.00040 | J43: Rotor - Linha | K43: =SUM(Ventiladores!F2:F190)/192 -> 0
A44: 001.002.003.071 | B44: MOTOR PRACTICE PRETO 127 V 11,5 UNIVERSAL | C44: =Ventiladores!F47+Ventiladores!F52+Ventiladores!F53 -> 0 | I44: 002.001.00040 | J44: Caixa Eco 50 cm 495 X 236 X 497 | K44: =SUM(Ventiladores!F2,Ventiladores!F3,Ventiladores!F4,Ventiladores!F5,Ventiladores!F6,Ventiladores!F7,Ventiladores!F8,Ventiladores!F9,Ventiladores!F10,Ventiladores!F11,Ventiladores!F13,Ventiladores!F14,Ventiladores!F15,Ventiladores!F16,Ventiladores!F17,Ventiladores!F18,Ventiladores!F19,Ventiladores!F27,Ventiladores!F28,Ventiladores!F29,Ventiladores!F30,Ventiladores!F31,Ventiladores!F32,Ventiladores!F33,Ventiladores!F34,Ventiladores!F35,Ventiladores!F36,Ventiladores!F47,Ventiladores!F48,Ventiladores!F49,Ventiladores!F50,Ventiladores!F51,Ventiladores!F52,Ventiladores!F53,Ventiladores!F74,Ventiladores!F75,Ventiladores!F76,Ventiladores!F77,Ventiladores!F78,Ventiladores!F79,Ventiladores!F80,Ventiladores!F81,Ventiladores!F82,Ventiladores!F83,Ventiladores!F85,Ventiladores!F86,Ventiladores!F87,Ventiladores!F88,Ventiladores!F89,Ventiladores!F90,Ventiladores!F91,Ventiladores!F99,Ventiladores!F100,Ventiladores!F101,Ventiladores!F102,Ventiladores!F103,Ventiladores!F104,Ventiladores!F105,Ventiladores!F106,Ventiladores!F107,Ventiladores!F108,Ventiladores!F119,Ventiladores!F120,Ventiladores!F121,Ventiladores!F122,Ventiladores!F123,Ventiladores!F124,Ventiladores!F125,Ventiladores!F146,Ventiladores!F147,Ventiladores!F148,Ventiladores!F149,Ventiladores!F150,Ventiladores!F151,Ventiladores!F152,Ventiladores!F153,Ventiladores!F154,Ventiladores!F155,Ventiladores!F157,Ventiladores!F158,Ventiladores!F159,Ventiladores!F160,Ventiladores!F161,Ventiladores!F162,Ventiladores!F163,Ventiladores!F171,Ventiladores!F172,Ventiladores!F173,Ventiladores!F174,Ventiladores!F175,Ventiladores!F176,Ventiladores!F177,Ventiladores!F178,Ventiladores!F179,Ventiladores!F180)/10 -> 0
A45: 001.002.003.072 | B45: MOTOR PRACTICE BRANCO 127 V 11,5 | C45: =Ventiladores!F48 -> 0 | I45: 002.001.00040 | J45: Caixa Eco 60 cm 595 X 235 X 595 | K45: =SUM(Ventiladores!F20,Ventiladores!F21,Ventiladores!F22,Ventiladores!F23,Ventiladores!F24,Ventiladores!F25,Ventiladores!F26,Ventiladores!F38,Ventiladores!F39,Ventiladores!F40,Ventiladores!F41,Ventiladores!F42,Ventiladores!F43,Ventiladores!F44,Ventiladores!F45,Ventiladores!F46,Ventiladores!F54,Ventiladores!F55,Ventiladores!F56,Ventiladores!F57,Ventiladores!F58,Ventiladores!F59,Ventiladores!F60,Ventiladores!F92,Ventiladores!F93,Ventiladores!F94,Ventiladores!F95,Ventiladores!F96,Ventiladores!F97,Ventiladores!F98,Ventiladores!F110,Ventiladores!F111,Ventiladores!F112,Ventiladores!F113,Ventiladores!F114,Ventiladores!F115,Ventiladores!F116,Ventiladores!F117,Ventiladores!F118,Ventiladores!F126,Ventiladores!F127,Ventiladores!F128,Ventiladores!F129,Ventiladores!F130,Ventiladores!F131,Ventiladores!F132,Ventiladores!F164,Ventiladores!F165,Ventiladores!F166,Ventiladores!F167,Ventiladores!F168,Ventiladores!F169,Ventiladores!F170,Ventiladores!F182,Ventiladores!F183,Ventiladores!F184,Ventiladores!F185,Ventiladores!F186,Ventiladores!F187,Ventiladores!F188,Ventiladores!F189,Ventiladores!F190)/10 -> 0
A46: 001.002.003.079 | B46: MOTOR PRACTICE AÇAÍ 127 V 11,5 | C46: =Ventiladores!F49 -> 0 | I46: Total | K46: =SUM(K43,K44,K45) -> 0
A47: 001.002.003.080 | B47: MOTOR PRACTICE PRATA 127 V 11,5 | C47: =Ventiladores!F51 -> 0
A48: 001.002.003.094 | B48: MOTOR COLUNA/MESA CAPPUCCINO 127 V 11,5 | C48: =Ventiladores!F6+Ventiladores!F31 -> 0
A49: 001.002.003.098 | B49: MOTOR COLUNA/MESA BRONZE 127 V 11,5 | C49: =Ventiladores!F8+Ventiladores!F33 -> 0
A50: 001.002.003.100 | B50: MOTOR PAREDE BRONZE 127 V 11,5 | C50: =Ventiladores!F16 -> 0
A51: 001.002.003.101 | B51: MOTOR PRACTICE BRONZE 127 V 11,5 | C51: =Ventiladores!F50 -> 0
A52: 001.002.005.001 | B52: MOTOR COLUNA PRATA 127 V 60 CM | C52: =Ventiladores!F44 -> 0
A53: 001.002.005.002 | B53: MOTOR COLUNA AÇAÍ 127 V 60 CM | C53: =Ventiladores!F40 -> 0
A54: 001.002.005.004 | B54: MOTOR COLUNA BRANCO 127 V 60 CM | C54: =Ventiladores!F39 -> 0
A55: 001.002.005.006 | B55: MOTOR COLUNA VERMELHO 127 V 60 CM | C55: =Ventiladores!F41 -> 0
A56: 001.002.005.007 | B56: MOTOR PAREDE AÇAÍ 127 V 60 CM | C56: =Ventiladores!F22 -> 0
A57: 001.002.005.008 | B57: MOTOR PAREDE BRANCO 127 V 60 CM | C57: =Ventiladores!F21 -> 0
A58: 001.002.005.009 | B58: MOTOR PAREDE PRATA 127 V 60 CM | C58: =Ventiladores!F24 -> 0
A59: 001.002.005.011 | B59: MOTOR COLUNA OURO 127 V 60 CM | C59: =Ventiladores!F42 -> 0
A60: 001.002.005.017 | B60: MOTOR PRACTICE BRANCO 127 V 60 CM | C60: =Ventiladores!F55 -> 0
A61: 001.002.005.019 | B61: MOTOR PRACTICE AÇAÍ 127 V 60 CM | C61: =Ventiladores!F56 -> 0
A62: 001.002.005.020 | B62: MOTOR PRACTICE PRATA 127 V 60 CM | C62: =Ventiladores!F58 -> 0
A63: 001.002.005.026 | B63: MOTOR COLUNA BRONZE 127 V 60 CM | C63: =Ventiladores!F43 -> 0
A64: 001.002.005.027 | B64: MOTOR PRACTICE PRETO 127 V 60 CM UNIVERSAL | C64: =Ventiladores!F59+Ventiladores!F60+Ventiladores!F54 -> 0
A65: 001.002.005.028 | B65: MOTOR COLUNA PRETO 127 V 60 CM UNIVERSAL | C65: =Ventiladores!F38+Ventiladores!F45+Ventiladores!F46 -> 0
A66: 001.002.005.029 | B66: MOTOR PAREDE PRETO 127 V 60 CM UNIVERSAL | C66: =Ventiladores!F20+Ventiladores!F25+Ventiladores!F26 -> 0
A67: 001.002.005.030 | B67: MOTOR PAREDE BRONZE 127 V 60 CM | C67: =Ventiladores!F23 -> 0
A68: 001.002.005.031 | B68: MOTOR PRACTICE BRONZE 127 V 60 CM | C68: =Ventiladores!F57 -> 0
A69: 001.002.006.001 | B69: MOTOR COLUNA PRATA 220 V 60 CM | C69: =Ventiladores!F116 -> 0
A70: 001.002.006.002 | B70: MOTOR COLUNA AÇAÍ 220 V 60 CM | C70: =Ventiladores!F112 -> 0
A71: 001.002.006.004 | B71: MOTOR COLUNA BRANCO 220 V 60 CM | C71: =Ventiladores!F111 -> 0
A72: 001.002.006.006 | B72: MOTOR COLUNA VERMELHO 220 V 60 CM | C72: =Ventiladores!F113 -> 0
A73: 001.002.006.007 | B73: MOTOR PAREDE AÇAÍ 220 V 60 CM | C73: =Ventiladores!F94 -> 0
A74: 001.002.006.008 | B74: MOTOR PAREDE BRANCO 220 V 60 CM | C74: =Ventiladores!F93 -> 0
A75: 001.002.006.009 | B75: MOTOR PAREDE PRATA 220 V 60 CM | C75: =Ventiladores!F96 -> 0
A76: 001.002.006.011 | B76: MOTOR COLUNA OURO 220 V 60 CM | C76: =Ventiladores!F114 -> 0
A77: 001.002.006.017 | B77: MOTOR PRACTICE BRANCO 220 V 60 CM | C77: =Ventiladores!F127 -> 0
A78: 001.002.006.019 | B78: MOTOR PRACTICE AÇAÍ 220 V 60 CM | C78: =Ventiladores!F128 -> 0
A79: 001.002.006.020 | B79: MOTOR PRACTICE PRATA 220 V 60 CM | C79: =Ventiladores!F130 -> 0
A80: 001.002.006.027 | B80: MOTOR COLUNA BRONZE 220 V 60 CM | C80: =Ventiladores!F115 -> 0
A81: 001.002.006.028 | B81: MOTOR PAREDE PRETO 220 V 60 CM UNIVERSAL | C81: =Ventiladores!F92+Ventiladores!F97+Ventiladores!F98 -> 0
A82: 001.002.006.029 | B82: MOTOR COLUNA PRETO 220 V 60 CM UNIVERSAL | C82: =Ventiladores!F110+Ventiladores!F117+Ventiladores!F118 -> 0
A83: 001.002.006.030 | B83: MOTOR PRACTICE PRETO 220 V 60 CM UNIVERSAL | C83: =Ventiladores!F131+Ventiladores!F132+Ventiladores!F126 -> 0
A84: 001.002.006.031 | B84: MOTOR PAREDE BRONZE 220 V 60 CM | C84: =Ventiladores!F95 -> 0
A85: 001.002.006.032 | B85: MOTOR PRACTICE BRONZE 220 V 60 CM | C85: =Ventiladores!F129 -> 0
A86: 001.002.007.001 | B86: MOTOR COLUNA BRONZE BIVOLT 60 CM | C86: =Ventiladores!F187 -> 0
A87: 001.002.007.002 | B87: MOTOR PAREDE PRETO BIVOLT 60 CM UNIVERSAL | C87: =Ventiladores!F164+Ventiladores!F169+Ventiladores!F170 -> 0
A88: 001.002.007.004 | B88: MOTOR COLUNA PRATA BIVOLT 60 CM | C88: =Ventiladores!F188 -> 0
A89: 001.002.007.005 | B89: MOTOR COLUNA PRETO BIVOLT 60 CM UNIVERSAL | C89: =Ventiladores!F182+Ventiladores!F189+Ventiladores!F190 -> 0
A90: 001.002.007.006 | B90: MOTOR COLUNA AÇAI BIVOLT 60 CM | C90: =Ventiladores!F184 -> 0
A91: 001.002.007.010 | B91: MOTOR COLUNA BRANCO BIVOLT 60 CM | C91: =Ventiladores!F183 -> 0
A92: 001.002.007.011 | B92: MOTOR PAREDE BRANCO BIVOLT 60 CM | C92: =Ventiladores!F165 -> 0
A93: 001.002.007.012 | B93: MOTOR PAREDE AÇAI BIVOLT 60 CM | C93: =Ventiladores!F166 -> 0
A94: 001.002.007.013 | B94: MOTOR PAREDE BRONZE BIVOLT 60 CM | C94: =Ventiladores!F167 -> 0
A95: 001.002.007.014 | B95: MOTOR PAREDE PRATA BIVOLT 60 CM | C95: =Ventiladores!F168 -> 0
A96: 001.002.007.015 | B96: MOTOR COLUNA VERMELHO BIVOLT 60 CM | C96: =Ventiladores!F185 -> 0
A97: 001.002.007.016 | B97: MOTOR COLUNA OURO BIVOLT 60 CM | C97: =Ventiladores!F186 -> 0
A98: 001.002.009.001 | B98: MOTOR COLUNA/MESA TITANIUM 127 V 43 | C98: =Ventiladores!F65+Ventiladores!F71 -> 0
A99: 001.002.009.002 | B99: MOTOR COLUNA/MESA ACAI 127 V 43 | C99: =Ventiladores!F61 -> 0
A100: 001.002.009.003 | B100: MOTOR COLUNA/MESA VERMELHO 127 V 43 | C100: =Ventiladores!F62 -> 0
...

Sheet Peças Plásticas
B1: OP | D1: Vent. | E1: QTD | F1: OP motor

Sheet Planejamento
B1: Carga -
A2: OPS | B2: 127 V 43 cm | C2: Quant. | D2: Status | E2: Seque. | G2: OPS | H2: 220 V 50 cm | I2: Quant. | J2: Status | K2: Seque.
D3: NI | J3: NI
D4: NI | J4: NI
D5: NI | J5: NI
D6: NI | J6: NI
D7: NI | J7: NI
D8: NI | J8: NI
D9: NI | J9: NI
D10: NI | J10: NI
D11: NI | J11: NI
D12: NI | J12: NI
D13: NI | J13: NI
D14: NI | J14: NI
... D17: NI | J17: NI
A18: OPS | B18: 220 V 43 cm | C18: Quant. | D18: Status | E18: Seque. | J18: NI
D19: NI | J19: NI
D20: NI | J20: NI
D21: NI | J21: NI
D22: NI | J22: NI
D23: NI | J23: NI
D24: NI | J24: NI
D25: NI | J25: NI
D26: NI | J26: NI
D27: NI | G27: OPS | H27: 127 V 60 cm | I27: Quant. | J27: Status | K27: Seque.
D28: NI | J28: NI
D29: NI | J29: NI
D30: NI | J30: NI
A31: OPS | B31: BIVOLT V 50 cm | C31: Quant. | D31: Status | E31: Seque. | J31: NI
D32: NI | J32: NI
D33: NI | J33: NI
D34: NI | J34: NI
D35: NI | J35: NI
D36: NI | J36: NI
D37: NI | J37: NI
D38: NI | J38: NI
D39: NI | J39: NI
D40: NI | G40: OPS | H40: 220 V 60 cm | I40: Quant. | J40: Status | K40: Seque.
D41: NI | J41: NI
D42: NI | J42: NI
D43: NI | J43: NI
D44: NI | J44: NI
D45: NI | J45: NI
D46: NI | J46: NI
D47: NI | J47: NI
A48: OPS | B48: BIVOLT V 60 cm | C48: Quant. | D48: Status | E48: Seque. | J48: NI
D49: NI | J49: NI
D50: NI | J50: NI
D51: NI | J51: NI
D52: NI | J52: NI
D53: NI | G53: OPS | H53: TWISTER 220 V | I53: Quant. | J53: Status | K53: Seque.
D54: NI
D55: NI
D56: NI
D57: NI
D58: NI
D59: NI
D60: NI
D61: NI
D62: NI
D63: NI | G63: OPS | H63: TWISTER 127 V | I63: Quant. | J63: Status | K63: Seque.
D64: NI
A65: OPS | B65: 127 V 50 cm | C65: Quant. | D65: Status | E65: Seque.
D66: NI
D67: NI
D68: NI
D69: NI
D70: NI
D71: NI
D72: NI
D73: NI | G73: OPS | H73: TWISTER BIVOLT | I73: Quant. | J73: Status | K73: Seque.
D74: NI
D75: NI
D76: NI
D77: NI
D78: NI
D79: NI
D80: NI
D81: NI
D82: NI
D83: NI
D84: NI | G84: Motores P/ Rota | K84: Quant
D85: NI | G85: 1° | H85: 127 V - 43 cm
D86: NI | G86: 2° | H86: 220 V - 43 cm
D87: NI | G87: 3° | H87: Bivolt - 50 cm
D88: NI | G88: 4° | H88: Bivolt - 60 cm
D89: NI | G89: 5° | H89: 127 V - 50 cm
D90: NI | G90: 6° | H90: 220 V - 50 cm
D91: NI | G91: 7° | H91: 127 V - 60 cm
D92: NI | G92: 8° | H92: 220 V - 60 cm
D93: NI | G93: 9° | H93: TWISTER 127V
D94: NI | G94: 10° | H94: TWISTER 220 V
D95: NI | G95: 11° | H95: TWISTER BIVOLT
D96: NI | G96: Total | K96: =SUM(K85:K92) -> 0
D97: NI
D98: NI
D99: NI
D100: NI
D101: NI
D102: NI
...

Sheet Postos de trabalho 
A1: Carga - | H1: PRACTICE | O1: SUPORTE PAREDE
C2: Daisy | H2: DANIEL E IGOR | P2: NATYLIANE
C3: (MOTORES , PINO E KNOB) | H3: RABICHO COM PLUG / RABICHO MACHO | P3: DISCO TRAVA
D4: Esteira | J4: Esteira | R4: Esteira
S5: SAYMON
C6: IGOR | K6: FRANCISVALDO | S6: PARAFUSAR
C7: (GRADE 1°) | K7: CRIMPADORA | P7: DÉBORA
H8: DAYSE | P8: BORBOLETA
E10: CRIMPADORA | H10: SECAGEM E ABRAÇADEIRA
S11: FRANCISVALDO
K13: VINICIUS | S13: EMBALAR
K14: MANÍPULO
B16: SILVAN | E16: VINÍCIUS
B17: (Logomarca) | E17: (GRADE 2°) | H17: SAYMON | P17: DAYSE
E18: (Grade 2°)
H19: PARAFUSADEIRA | P19: DISCO TRAVA
H24: DÉBORA
E25: MESA DE FERRAMENTAS | H25: TESTE DE PRACTICE | P25: IGOR
C26: 0 | P26: PARAFUSAR
C27: (TESTE 1°) | F27: DENILSON | K27: NATYLIANE | S27: DANIEL
F28: (Retrabalho) | K28: EMBALAGEM E BORBOLETA | S28: BORBOLETA
E31: NATYLIANE
E32: (teste 2°) | G32: FÉRIAS
E33: (TESTE 2°)
C42: DANIEL | E42: DÉBORA | S42: VINICIUS
C43: (Embalagem) | E43: (Etiqueta) | S43: EMBALAR
E44: Fabio
B45: FRANCISVALDO
B46: (Kit)
E47: SAYMON
E48: (Final)
A49: BASE ESTRELA ECO | H49: SUPORTE MESA | O49: CONTROLES
C52: DÉBORA/FRAN | H52: NATYLIANE | P52: DÉBORA / FRAN
C53: ETIQUETA | H53: ETIQUETA/DISCO TRAVA | P53: DIMMER/ARRUELA E PORCA
D54: Esteira | J54: Esteira | K54: SAYMON | R54: Esteira | S54: SAYMON
K55: PARAFUSAR | S55: PARAFUSAR
P57: DAYSE
C58: DAYSE | H58: DAYSE | P58: ETIQUETA/KNOB
C59: EMBALAR | H59: BORBOLETA | S59: NATYLIANE
E60: JULIO | K60: DANIEL | S60: GRAMPEAR | U60: CAIXA
E61: EMBALAR | K61: EMBALAR
C63: IGOR | E63: NATYLIANE | M63: CAIXA
C64: GRAMPEAR | E64: GRAMPEAR | F64: BEGUE
